Target_Site,ENSG,target_gene_short,Diff_expression_test_raw_pval,Diff_expression_test_fold_change,Diff_expression_test_Empirical_pval,Diff_expression_test_Empirical_adjusted_pval,high_confidence_subset,chr.candidate_enhancer,start.candidate_enhancer,stop.candidate_enhancer
chr2.2482,ENSG00000115977,AAK1,0.001451572,0.756541817,0.002719115,0.098651856,TRUE,chr2,69056234,69056865
chrX.2695,ENSG00000101986,ABCD1,0.000735184,0.669368616,0.001824566,0.07301369,TRUE,chrX,153250743,153251468
chr10.2252,ENSG00000138316,ADAMTS14,2.14E-09,0.447355127,0.000449245,0.032497703,FALSE,chr10,72426863,72427518
chr1.8461,ENSG00000143382,ADAMTSL4,0.000115726,0.667657649,0.001044298,0.050413644,TRUE,chr1,150517877,150518596
chr11.1006,ENSG00000148926,ADM,0.000588113,0.309174877,0.001651173,0.067335779,TRUE,chr11,9573345,9573973
chr2.7130,ENSG00000157985,AGAP1,2.39E-07,0.584308557,0.000583231,0.036268321,TRUE,chr2,236369078,236369902
chr1.4865,ENSG00000134698,AGO4,0.001434503,0.509415403,0.00269153,0.097953365,TRUE,chr1,37209434,37209566
chr4.2103,ENSG00000138678,AGPAT9,0.001260702,0.72829425,0.002498434,0.093161257,FALSE,chr4,84551045,84551768
chr9.2869,ENSG00000106992,AK1,1.50E-12,0.779150157,0.000275852,0.023747055,TRUE,chr9,130624341,130625383
chr13.545,ENSG00000023516,AKAP11,1.05E-16,0.566104064,9.85E-05,0.009570967,TRUE,chr13,42833603,42834109
chr13.544,ENSG00000023516,AKAP11,1.97E-12,0.655419738,0.000275852,0.023747055,TRUE,chr13,42832957,42833222
chr10.185,ENSG00000187134,AKR1C1,6.76E-09,0.633579911,0.000492593,0.034621435,TRUE,chr10,4983650,4984221
chr10.180,ENSG00000187134,AKR1C1,5.25E-06,0.75325461,0.000642342,0.036698553,TRUE,chr10,4908871,4909146
chr10.193,ENSG00000187134,AKR1C1,0.001122789,0.80710126,0.002348685,0.088988861,TRUE,chr10,5062425,5062782
chr10.185,ENSG00000151632,AKR1C2,0.000954033,0.637317308,0.002100418,0.081756341,TRUE,chr10,4983650,4984221
chrX.1184,ENSG00000158578,ALAS2,5.03E-08,0.835249057,0.000543823,0.036268321,TRUE,chrX,55143062,55143359
chr12.1897,ENSG00000135409,AMHR2,0.000283027,0.818474182,0.001284683,0.0572567,FALSE,chr12,53815208,53815726
chr13.1281,ENSG00000088448,ANKRD10,0.001273051,0.855026757,0.002506315,0.093233333,FALSE,chr13,111609613,111610176
chr1.9913,ENSG00000183831,ANKRD45,0.001266293,0.296811332,0.002502374,0.093233333,FALSE,chr1,173640035,173640618
chr9.1594,ENSG00000136938,ANP32B,3.59E-22,0.782694631,3.94E-06,0.000407239,TRUE,chr9,100723075,100723580
chr4.2002,ENSG00000163297,ANTXR2,1.20E-25,0.456640078,3.94E-06,0.000407239,TRUE,chr4,81048619,81048756
chr4.2004,ENSG00000163297,ANTXR2,3.99E-13,0.621824596,0.000248267,0.021738393,TRUE,chr4,81064453,81064873
chr4.2006,ENSG00000163297,ANTXR2,6.35E-05,0.768251969,0.000922135,0.046422674,TRUE,chr4,81100680,81101328
chr9.871,ENSG00000135046,ANXA1,1.24E-45,0.572531323,3.94E-06,0.000407239,TRUE,chr9,75758860,75759164
chr9.872,ENSG00000135046,ANXA1,2.03E-47,0.575339594,3.94E-06,0.000407239,FALSE,chr9,75764489,75764739
chr11.1735,ENSG00000149089,APIP,8.56E-11,0.791575746,0.000346786,0.027176442,TRUE,chr11,33966182,33966805
chr11.6035,ENSG00000084234,APLP2,3.35E-07,0.807625398,0.000583231,0.036268321,TRUE,chr11,129876786,129877132
chr8.1934,ENSG00000066777,ARFGEF1,0.001282739,0.832842951,0.002522078,0.093671492,TRUE,chr8,68278386,68278795
chr10.1925,ENSG00000150347,ARID5B,0.000465721,0.602723207,0.001521128,0.063911539,TRUE,chr10,63539754,63540466
chr7.1000,ENSG00000122644,ARL4A,1.69E-53,0.635600004,3.94E-06,0.000407239,TRUE,chr7,12762340,12762740
chr2.7113,ENSG00000188042,ARL4C,0.000477409,0.310791044,0.001525069,0.063911539,TRUE,chr2,235421867,235422416
chr8.526,ENSG00000104763,ASAH1,3.41E-13,0.753126334,0.000244326,0.021553889,TRUE,chr8,17980086,17980641
chr2.7265,ENSG00000065802,ASB1,1.71E-09,0.73878868,0.000445304,0.032462346,TRUE,chr2,239329936,239330621
chr2.7266,ENSG00000065802,ASB1,8.37E-07,0.766410641,0.000598994,0.036268321,TRUE,chr2,239330792,239331424
chr8.1253,ENSG00000129691,ASH2L,0.000269856,0.839901149,0.001257098,0.056187035,TRUE,chr8,37948069,37948184
chr19.5650,ENSG00000169136,ATF5,0.000234809,0.797029374,0.001225572,0.056106356,TRUE,chr19,51106236,51106403
chr12.662,ENSG00000171681,ATF7IP,0.001065698,0.754789677,0.002261989,0.086540855,TRUE,chr12,14410404,14411333
chr16.1224,ENSG00000166669,ATF7IP2,4.59E-05,0.874258285,0.000874846,0.044566902,TRUE,chr16,11325231,11325527
chr16.1145,ENSG00000166669,ATF7IP2,0.000292175,0.881944914,0.001296506,0.057456833,FALSE,chr16,10591551,10591739
chr16.1137,ENSG00000166669,ATF7IP2,4.50E-05,0.902244823,0.000874846,0.044566902,FALSE,chr16,10416999,10417320
chr11.3233,ENSG00000110046,ATG2A,1.99E-10,0.739650351,0.000374371,0.028576173,TRUE,chr11,65185593,65186967
chr11.3235,ENSG00000110046,ATG2A,1.50E-10,0.759383762,0.000366489,0.028203494,TRUE,chr11,65188509,65189093
chr11.3247,ENSG00000110046,ATG2A,4.13E-10,0.801061011,0.000398015,0.030039624,TRUE,chr11,65247045,65247268
chr11.3243,ENSG00000110046,ATG2A,1.09E-09,0.846856272,0.000417719,0.03078551,FALSE,chr11,65239420,65239979
chr11.3059,ENSG00000110046,ATG2A,2.50E-09,0.894456741,0.000461067,0.033047849,FALSE,chr11,64240338,64241078
chr11.3251,ENSG00000110046,ATG2A,2.66E-09,0.90360622,0.000461067,0.033047849,FALSE,chr11,65261362,65261604
chr3.5108,ENSG00000058063,ATP11B,0.000500891,0.785451977,0.001556595,0.064828254,TRUE,chr3,182432966,182433055
chr3.5107,ENSG00000058063,ATP11B,0.000371806,0.807825747,0.001383202,0.05955876,TRUE,chr3,182431923,182432188
chr3.4238,ENSG00000069849,ATP1B3,0.000171874,0.85395651,0.001130994,0.053232588,TRUE,chr3,141567842,141568701
chr3.4237,ENSG00000069849,ATP1B3,4.43E-05,0.867545066,0.000874846,0.044566902,TRUE,chr3,141567550,141567694
chr20.213,ENSG00000101200,AVP,0.000240011,0.437110184,0.001233454,0.056106356,FALSE,chr20,3058223,3058987
chr11.3163,ENSG00000168062,BATF2,8.73E-05,0.486797919,0.000973364,0.048024762,TRUE,chr11,64765587,64766725
chr19.5064,ENSG00000105327,BBC3,5.24E-11,0.759519241,0.000331023,0.026291705,TRUE,chr19,47747211,47747862
chr4.2649,ENSG00000181004,BBS12,0.000912983,0.54640918,0.002068892,0.080998591,TRUE,chr4,123670867,123671008
chrX.1665,ENSG00000102409,BEX4,1.25E-111,0.353997784,3.94E-06,0.000407239,TRUE,chrX,102488065,102488647
chrX.1666,ENSG00000102409,BEX4,1.50E-44,0.522830869,3.94E-06,0.000407239,FALSE,chrX,102490302,102490881
chrX.1663,ENSG00000102409,BEX4,1.85E-05,0.833714268,0.000764505,0.04066405,FALSE,chrX,102466007,102466290
chr3.91,ENSG00000134107,BHLHE40,5.75E-05,0.685372805,0.00089849,0.045524799,TRUE,chr3,5063514,5063712
chr7.1855,ENSG00000106605,BLVRA,5.35E-56,0.581498177,3.94E-06,0.000407239,TRUE,chr7,43796195,43796962
chr4.1979,ENSG00000138756,BMP2K,9.51E-09,0.640636152,0.000496534,0.034639516,TRUE,chr4,79653654,79654287
chr4.1974,ENSG00000138756,BMP2K,3.36E-11,0.648134629,0.000323141,0.026017297,TRUE,chr4,79612993,79613671
chr4.1973,ENSG00000138756,BMP2K,1.83E-08,0.733999756,0.000512297,0.035319956,TRUE,chr4,79612721,79612827
chr4.1978,ENSG00000138756,BMP2K,1.92E-05,0.817800726,0.000764505,0.04066405,TRUE,chr4,79642177,79642661
chr7.4787,ENSG00000172331,BPGM,6.04E-06,0.73748237,0.000654164,0.036748854,TRUE,chr7,134324618,134325038
chr19.73,ENSG00000172270,BSG,3.28E-25,0.779098048,3.94E-06,0.000407239,TRUE,chr19,555762,557000
chr19.2705,ENSG00000130303,BST2,2.18E-07,0.810274652,0.000575349,0.036268321,TRUE,chr19,17509785,17510349
chr12.2881,ENSG00000133639,BTG1,5.24E-31,0.631532769,3.94E-06,0.000407239,TRUE,chr12,92798618,92799067
chr12.2880,ENSG00000133639,BTG1,5.00E-13,0.721438995,0.000248267,0.021738393,TRUE,chr12,92797454,92797987
chr12.2878,ENSG00000133639,BTG1,1.29E-09,0.804404321,0.000433482,0.031797709,TRUE,chr12,92772793,92773337
chr1.10869,ENSG00000159388,BTG2,9.66E-06,0.782771091,0.000701453,0.038530745,TRUE,chr1,203280813,203281408
chr11.5211,ENSG00000180425,C11orf71,2.62E-11,0.925153435,0.000319201,0.025832715,FALSE,chr11,113484313,113484581
chr12.3588,ENSG00000174456,C12orf76,0.000147152,0.71074184,0.00110735,0.052699992,FALSE,chr12,110517230,110518060
chr12.3595,ENSG00000174456,C12orf76,0.001501445,0.780214629,0.002774286,0.099882787,TRUE,chr12,110556189,110556460
chr7.922,ENSG00000106392,C1GALT1,0.000205215,0.835934665,0.001201928,0.055533731,TRUE,chr7,7144678,7144795
chr7.924,ENSG00000106392,C1GALT1,0.000796735,0.87521941,0.001895499,0.075148715,TRUE,chr7,7188420,7188897
chr1.9068,ENSG00000125462,C1orf61,0.000365107,0.731105689,0.00137138,0.059158059,TRUE,chr1,156368255,156368549
chr8.2191,ENSG00000133742,CA1,0.001009522,0.850811182,0.002179233,0.084335422,FALSE,chr8,86971307,86971741
chr8.1767,ENSG00000178538,CA8,1.87E-11,0.587575439,0.00031526,0.025646217,TRUE,chr8,61197419,61198065
chr8.1769,ENSG00000178538,CA8,7.47E-11,0.675849756,0.000342845,0.027002632,TRUE,chr8,61242715,61243423
chr8.1768,ENSG00000178538,CA8,0.000321877,0.829858566,0.00132015,0.057742757,FALSE,chr8,61238624,61238739
chr2.6880,ENSG00000135932,CAB39,3.85E-11,0.700557451,0.000323141,0.026017297,TRUE,chr2,231523339,231524467
chr11.1735,ENSG00000121691,CAT,1.63E-35,0.553219985,3.94E-06,0.000407239,TRUE,chr11,33966182,33966805
chr11.1734,ENSG00000121691,CAT,0.000513691,0.851883351,0.001576299,0.065407449,TRUE,chr11,33963092,33963689
chr8.740,ENSG00000158941,CCAR2,2.29E-17,0.802512663,5.91E-05,0.005826853,TRUE,chr8,22530493,22531342
chrX.952,ENSG00000101997,CCDC22,9.41E-06,0.758809145,0.000697512,0.038530745,FALSE,chrX,48641145,48641725
chr2.4815,ENSG00000163040,CCDC74A,4.28E-05,0.807313646,0.000863024,0.044566902,TRUE,chr2,132426469,132426776
chr11.3041,ENSG00000168071,CCDC88B,0.000312063,0.798768595,0.00132015,0.057742757,FALSE,chr11,64102407,64103102
chr11.3769,ENSG00000110092,CCND1,0.000271834,0.679542762,0.001257098,0.056187035,TRUE,chr11,69224596,69225355
chr12.200,ENSG00000118971,CCND2,1.41E-45,0.525861699,3.94E-06,0.000407239,TRUE,chr12,4262588,4263181
chr6.3292,ENSG00000198087,CD2AP,5.63E-24,0.688648792,3.94E-06,0.000407239,TRUE,chr6,47388137,47388650
chr1.11362,ENSG00000117335,CD46,0.000378823,0.85558651,0.001398965,0.060127369,TRUE,chr1,207919746,207920041
chr3.3177,ENSG00000196776,CD47,3.69E-07,0.762689252,0.000583231,0.036268321,TRUE,chr3,107823097,107823651
chr1.3691,ENSG00000169442,CD52,0.001479796,0.742500019,0.002758523,0.099391375,FALSE,chr1,26259847,26260504
chr1.8039,ENSG00000116815,CD58,9.37E-11,0.651366532,0.000346786,0.027176442,TRUE,chr1,117046563,117047544
chr1.8038,ENSG00000116815,CD58,0.001088064,0.725998496,0.002293515,0.087320698,TRUE,chr1,117045782,117045834
chr12.528,ENSG00000110848,CD69,5.55E-22,0.392314747,3.94E-06,0.000407239,TRUE,chr12,9917256,9917775
chr6.709,ENSG00000112149,CD83,6.70E-06,0.582575181,0.000654164,0.036748854,TRUE,chr6,14108859,14109646
chr12.283,ENSG00000010278,CD9,0.000386868,0.6895983,0.001418669,0.060807485,TRUE,chr12,6372998,6373684
chr22.1757,ENSG00000128283,CDC42EP1,0.001081304,0.881296543,0.002285633,0.087232528,TRUE,chr22,38003017,38003476
chr2.1475,ENSG00000163171,CDC42EP3,1.19E-09,0.273961445,0.000429541,0.031607257,TRUE,chr2,37788660,37789256
chr2.1476,ENSG00000163171,CDC42EP3,0.000310702,0.464289394,0.001316209,0.057742757,TRUE,chr2,37789414,37789772
chr7.3172,ENSG00000105810,CDK6,6.99E-10,0.75653787,0.000409838,0.030491405,TRUE,chr7,92634200,92634655
chr1.6035,ENSG00000123080,CDKN2C,0.001132655,0.85524718,0.002360507,0.089292887,FALSE,chr1,51444435,51444944
chr1.8492,ENSG00000143418,CERS2,2.65E-06,0.814955205,0.000618697,0.036273249,TRUE,chr1,150949321,150950234
chr12.325,ENSG00000111642,CHD4,2.46E-06,0.843671341,0.000618697,0.036273249,TRUE,chr12,6721947,6723689
chr2.6714,ENSG00000123989,CHPF,0.000355956,0.815905487,0.00137138,0.059158059,TRUE,chr2,220526749,220526916
chr11.592,ENSG00000129749,CHRNA10,0.001417689,0.192222485,0.002687589,0.097953365,FALSE,chr11,2888386,2890154
chr7.493,ENSG00000136213,CHST12,0.000744965,0.792235688,0.001832447,0.073266729,TRUE,chr7,2439538,2440225
chr3.4297,ENSG00000175040,CHST2,3.72E-06,0.471918201,0.00063052,0.036425301,TRUE,chr3,142803684,142804332
chr6.4959,ENSG00000164442,CITED2,1.26E-18,0.652014593,3.15E-05,0.003160664,TRUE,chr6,139766548,139767000
chr6.4966,ENSG00000164442,CITED2,6.05E-13,0.729541015,0.000248267,0.021738393,FALSE,chr6,139855225,139856063
chr6.4960,ENSG00000164442,CITED2,6.87E-08,0.770485696,0.000551705,0.036268321,TRUE,chr6,139770287,139770415
chr6.4973,ENSG00000164442,CITED2,6.69E-07,0.799374832,0.000591112,0.036268321,FALSE,chr6,139969435,139970015
chr6.4971,ENSG00000164442,CITED2,0.000899067,0.812841898,0.002041307,0.080387145,FALSE,chr6,139946331,139946994
chr6.4965,ENSG00000164442,CITED2,0.000528974,0.871635432,0.00158024,0.065407449,FALSE,chr6,139839755,139840231
chr19.5690,ENSG00000105472,CLEC11A,2.28E-12,0.559699969,0.000279793,0.023747055,TRUE,chr19,51231409,51232128
chr11.4537,ENSG00000074201,CLNS1A,3.46E-05,0.892279688,0.000839379,0.04399956,FALSE,chr11,77355672,77355905
chr22.431,ENSG00000070371,CLTCL1,0.000574,0.471588453,0.001643291,0.067130812,TRUE,chr22,20175500,20176203
chr5.702,ENSG00000164237,CMBL,1.81E-09,0.81684163,0.000445304,0.032462346,TRUE,chr5,10310617,10310849
chr6.5343,ENSG00000153721,CNKSR3,4.16E-21,0.457198528,3.94E-06,0.000407239,TRUE,chr6,154835078,154835318
chr12.2135,ENSG00000257727,CNPY2,0.001059129,0.885325029,0.002250166,0.086158655,FALSE,chr12,56440888,56441262
chr2.2452,ENSG00000119865,CNRIP1,0.001434712,0.551530315,0.00269153,0.097953365,FALSE,chr2,68579763,68580177
chr7.1855,ENSG00000106603,COA1,2.10E-07,0.87941849,0.000567468,0.036268321,FALSE,chr7,43796195,43796962
chr9.1708,ENSG00000204291,COL15A1,0.00057089,0.126531673,0.001643291,0.067130812,TRUE,chr9,101694253,101694765
chr21.1536,ENSG00000182871,COL18A1,1.58E-07,0.757686412,0.000559586,0.036268321,TRUE,chr21,46779912,46780624
chr5.4558,ENSG00000113742,CPEB4,3.83E-10,0.65240291,0.000398015,0.030039624,TRUE,chr5,173280354,173280894
chr5.4559,ENSG00000113742,CPEB4,7.65E-07,0.666281589,0.000595053,0.036268321,TRUE,chr5,173282536,173283105
chr5.4562,ENSG00000113742,CPEB4,1.37E-05,0.718927308,0.00073692,0.040011505,TRUE,chr5,173289192,173289467
chr5.4561,ENSG00000113742,CPEB4,4.77E-05,0.783190041,0.000874846,0.044566902,TRUE,chr5,173287535,173288002
chr16.1337,ENSG00000103381,CPPED1,9.31E-07,0.719571328,0.000602934,0.036268321,TRUE,chr16,12706463,12706842
chr5.4552,ENSG00000164463,CREBRF,0.000692569,0.654072793,0.001765455,0.071010844,TRUE,chr5,173249425,173249827
chr21.1148,ENSG00000160213,CSTB,3.61E-07,0.884622818,0.000583231,0.036268321,TRUE,chr21,45187704,45188752
chr8.429,ENSG00000164733,CTSB,7.85E-09,0.769917955,0.000492593,0.034621435,TRUE,chr8,11736787,11737581
chr8.428,ENSG00000164733,CTSB,1.08E-06,0.78085497,0.000606875,0.036268321,TRUE,chr8,11735232,11735607
chr11.4755,ENSG00000109861,CTSC,6.12E-15,0.773728904,0.000193097,0.017943482,TRUE,chr11,88090716,88090921
chr11.4758,ENSG00000109861,CTSC,0.000477364,0.846257753,0.001525069,0.063911539,TRUE,chr11,88154706,88155081
chr9.1075,ENSG00000135047,CTSL,0.000119345,0.845256022,0.001044298,0.050413644,TRUE,chr9,90407652,90408161
chr4.1813,ENSG00000081041,CXCL2,0.000695601,0.487577526,0.001765455,0.071010844,FALSE,chr4,74922270,74923213
chr4.1814,ENSG00000081041,CXCL2,0.00113022,0.506529836,0.002352626,0.089066401,TRUE,chr4,74923426,74923610
chr4.1813,ENSG00000163734,CXCL3,1.27E-13,0.476345703,0.000228563,0.02031578,TRUE,chr4,74922270,74923213
chr4.1814,ENSG00000163734,CXCL3,1.16E-12,0.489451791,0.000271912,0.023632681,TRUE,chr4,74923426,74923610
chr6.3721,ENSG00000065615,CYB5R4,0.00111432,0.841769959,0.002332922,0.088462904,TRUE,chr6,84684170,84684775
chr2.5458,ENSG00000071967,CYBRD1,2.22E-12,0.648368508,0.000279793,0.023747055,TRUE,chr2,172370189,172370662
chr5.3240,ENSG00000120306,CYSTM1,4.42E-05,0.902934425,0.000874846,0.044566902,TRUE,chr5,139015238,139016073
chr17.5512,ENSG00000108669,CYTH1,0.000175271,0.737322078,0.001146757,0.053759253,TRUE,chr17,76781140,76781559
chr9.1038,ENSG00000196730,DAPK1,0.000320134,0.611661476,0.00132015,0.057742757,TRUE,chr9,90025122,90025695
chr19.488,ENSG00000071626,DAZAP1,0.000206267,0.896202766,0.001205869,0.055533731,FALSE,chr19,2059423,2060263
chr5.4837,ENSG00000113758,DBN1,5.92E-14,0.872973165,0.000228563,0.02031578,TRUE,chr5,176988342,176988510
chr5.4836,ENSG00000113758,DBN1,6.55E-14,0.873113138,0.000228563,0.02031578,TRUE,chr5,176983985,176984431
chr5.4886,ENSG00000113758,DBN1,1.68E-14,0.930051979,0.000216741,0.019982678,FALSE,chr5,177508678,177509350
chr8.2223,ENSG00000104325,DECR1,5.75E-06,0.79145301,0.000650223,0.036748854,TRUE,chr8,91180175,91180543
chr8.2225,ENSG00000104325,DECR1,0.00131482,0.868271025,0.002569367,0.095202235,FALSE,chr8,91199885,91200319
chr12.953,ENSG00000170456,DENND5B,0.001390752,0.604698343,0.002648182,0.097127547,TRUE,chr12,31885893,31886120
chr22.250,ENSG00000070413,DGCR2,0.000539357,0.801661286,0.001588121,0.065560536,TRUE,chr22,19615025,19615105
chr17.1493,ENSG00000167536,DHRS13,0.000312378,0.793664196,0.00132015,0.057742757,FALSE,chr17,27192091,27193147
chr19.4185,ENSG00000090932,DLL3,9.37E-17,0.98583416,9.06E-05,0.00882352,FALSE,chr19,40941209,40941473
chr1.5850,ENSG00000197587,DMBX1,0.00024074,0.575525989,0.001233454,0.056106356,TRUE,chr1,46987848,46988920
chr19.3689,ENSG00000161249,DMKN,0.001049116,0.851461292,0.002234404,0.085624819,TRUE,chr19,35871214,35871843
chr19.2424,ENSG00000132002,DNAJB1,7.08E-05,0.858342866,0.000941839,0.046962086,TRUE,chr19,14897115,14897566
chr12.3153,ENSG00000136048,DRAM1,1.51E-19,0.225715065,7.88E-06,0.000798681,TRUE,chr12,102249040,102249716
chr12.3152,ENSG00000136048,DRAM1,6.63E-05,0.646714314,0.000930016,0.046669547,TRUE,chr12,102248570,102248787
chr11.3343,ENSG00000175550,DRAP1,5.57E-06,0.894402539,0.000646282,0.036748854,FALSE,chr11,65695343,65695908
chr5.4451,ENSG00000120129,DUSP1,0.001032153,0.677235,0.002206818,0.084774996,TRUE,chr5,172229260,172230168
chr1.9322,ENSG00000158716,DUSP23,4.58E-05,0.861386233,0.000874846,0.044566902,TRUE,chr1,159760081,159760458
chrX.1005,ENSG00000147155,EBP,0.001108328,0.847899088,0.002332922,0.088462904,FALSE,chrX,49004882,49005456
chrX.929,ENSG00000147155,EBP,0.000489121,0.877030261,0.00152901,0.06396267,TRUE,chrX,48390000,48390369
chr6.239,ENSG00000198721,ECI2,0.000137245,0.877314046,0.001083705,0.051731805,FALSE,chr6,3473278,3473758
chr6.285,ENSG00000198721,ECI2,0.000200165,0.878762763,0.001194046,0.055314343,FALSE,chr6,4177043,4177522
chr11.4681,ENSG00000074266,EED,0.000388717,0.792645229,0.00142261,0.060867876,FALSE,chr11,85862307,85862817
chr9.4291,ENSG00000172889,EGFL7,3.17E-09,0.802477343,0.000465008,0.033229001,FALSE,chr9,139538775,139541484
chr5.3152,ENSG00000120738,EGR1,0.000113717,0.773647538,0.001032476,0.050048461,TRUE,chr5,137794051,137794217
chr14.2493,ENSG00000100664,EIF5,0.001004365,0.903422928,0.002171352,0.08409963,FALSE,chr14,103780001,103780444
chr1.10696,ENSG00000163435,ELF3,2.16E-06,0.25857156,0.000614757,0.036268321,FALSE,chr1,202045111,202045550
chr1.10703,ENSG00000163435,ELF3,0.000543105,0.325893562,0.001592062,0.065608014,TRUE,chr1,202087910,202088477
chrX.881,ENSG00000126767,ELK1,1.45E-08,0.725651952,0.000512297,0.035319956,TRUE,chrX,47521550,47521993
chr4.2510,ENSG00000170522,ELOVL6,2.30E-07,0.775838709,0.000575349,0.036268321,TRUE,chr4,111169923,111170337
chr22.1165,ENSG00000186998,EMID1,8.37E-09,0.496510098,0.000492593,0.034621435,FALSE,chr22,29591459,29592297
chr2.2721,ENSG00000135638,EMX1,1.98E-06,0.40511522,0.000614757,0.036268321,TRUE,chr2,73128414,73129195
chr2.4272,ENSG00000163064,EN1,0.000906452,0.134457508,0.002061011,0.080824621,TRUE,chr2,119560510,119561088
chr5.1766,ENSG00000171617,ENC1,8.35E-05,0.461756421,0.000969424,0.047981373,TRUE,chr5,73887850,73888210
chr11.4868,ENSG00000149218,ENDOD1,1.29E-05,0.670541196,0.000732979,0.039935886,FALSE,chr11,94880473,94881103
chr22.2152,ENSG00000100393,EP300,6.11E-14,0.946344187,0.000228563,0.02031578,FALSE,chr22,41050586,41050960
chr1.4081,ENSG00000159023,EPB41,2.07E-52,0.581611372,3.94E-06,0.000407239,TRUE,chr1,29210260,29210830
chr1.4082,ENSG00000159023,EPB41,2.74E-21,0.762363434,3.94E-06,0.000407239,TRUE,chr1,29211074,29211978
chr7.5163,ENSG00000106123,EPHB6,3.72E-19,0.482859242,1.18E-05,0.001190325,TRUE,chr7,142506394,142507285
chr7.5168,ENSG00000106123,EPHB6,9.31E-14,0.537515403,0.000228563,0.02031578,TRUE,chr7,142536245,142536946
chr7.5162,ENSG00000106123,EPHB6,9.35E-11,0.676915546,0.000346786,0.027176442,TRUE,chr7,142502387,142502788
chr8.973,ENSG00000120915,EPHX2,0.001455878,0.744787694,0.002730938,0.098918447,TRUE,chr8,27346403,27346717
chr4.1828,ENSG00000124882,EREG,3.99E-06,0.601013307,0.00063446,0.036425301,TRUE,chr4,75196204,75196503
chr9.120,ENSG00000099219,ERMP1,0.001028721,0.550535486,0.002202878,0.084774996,TRUE,chr9,5839193,5839782
chr15.2471,ENSG00000140374,ETFA,2.20E-06,0.863588578,0.000614757,0.036268321,FALSE,chr15,76605994,76606415
chr1.12743,ENSG00000174371,EXO1,0.000384459,0.789760958,0.001414728,0.060749331,FALSE,chr1,241970223,241970578
chr1.7484,ENSG00000162636,FAM102B,3.31E-11,0.597953764,0.000323141,0.026017297,TRUE,chr1,109076247,109076822
chr20.80,ENSG00000125898,FAM110A,0.000497698,0.712233004,0.001544773,0.064507297,FALSE,chr20,809576,810139
chr1.10033,ENSG00000116199,FAM20B,0.00123441,0.836565068,0.002482671,0.093161257,TRUE,chr1,178986085,178986596
chr18.1476,ENSG00000187773,FAM69C,2.39E-08,0.184022109,0.000516238,0.035487578,TRUE,chr18,72147274,72147952
chr8.2957,ENSG00000147689,FAM83A,7.38E-24,0.752509421,3.94E-06,0.000407239,TRUE,chr8,124178462,124180191
chr1.12443,ENSG00000182118,FAM89A,1.13E-30,0.66723406,3.94E-06,0.000407239,TRUE,chr1,231182601,231182889
chr1.12444,ENSG00000182118,FAM89A,1.20E-16,0.717555966,0.000102459,0.009892489,FALSE,chr1,231185111,231185390
chr1.12446,ENSG00000182118,FAM89A,5.86E-09,0.845738089,0.000484712,0.034427722,FALSE,chr1,231201341,231201811
chr1.12445,ENSG00000182118,FAM89A,1.94E-05,0.852159985,0.000764505,0.04066405,FALSE,chr1,231189524,231189622
chr8.2573,ENSG00000156509,FBXO43,0.00134068,0.026512991,0.002600893,0.095766631,FALSE,chr8,101896144,101896457
chr1.9514,ENSG00000143226,FCGR2A,2.53E-05,0.611088437,0.000815735,0.043048083,TRUE,chr1,161472796,161473117
chr17.4853,ENSG00000161513,FDXR,9.09E-06,0.786264065,0.000697512,0.038530745,TRUE,chr17,72871538,72871609
chr15.1880,ENSG00000169018,FEM1B,9.04E-13,0.939317094,0.000256149,0.022386812,FALSE,chr15,68174659,68175159
chr11.5907,ENSG00000149557,FEZ1,6.40E-21,0.491524848,3.94E-06,0.000407239,TRUE,chr11,125402567,125403040
chr11.5909,ENSG00000149557,FEZ1,1.10E-09,0.607479678,0.000417719,0.03078551,TRUE,chr11,125422773,125423306
chr11.5910,ENSG00000149557,FEZ1,1.98E-09,0.671951668,0.000449245,0.032497703,TRUE,chr11,125423938,125424204
chr4.2649,ENSG00000138685,FGF2,2.19E-09,0.360498558,0.000449245,0.032497703,TRUE,chr4,123670867,123671008
chr4.260,ENSG00000068078,FGFR3,1.08E-08,0.332257151,0.000496534,0.034639516,TRUE,chr4,1786615,1787989
chr6.1802,ENSG00000204315,FKBPL,8.80E-06,0.785546426,0.00068569,0.038155198,TRUE,chr6,32099282,32099729
chr17.1493,ENSG00000132589,FLOT2,0.000105019,0.804679719,0.001028535,0.050048461,FALSE,chr17,27192091,27193147
chr2.5074,ENSG00000157827,FMNL2,4.03E-17,0.957788326,7.49E-05,0.007334551,FALSE,chr2,152616775,152617264
chr11.3338,ENSG00000175592,FOSL1,0.001348657,0.836207871,0.002600893,0.095766631,FALSE,chr11,65670597,65670977
chr7.769,ENSG00000075618,FSCN1,2.48E-15,0.745105188,0.000169452,0.015967212,TRUE,chr7,5613818,5614929
chr11.2761,ENSG00000167996,FTH1,1.98E-88,0.579767959,3.94E-06,0.000407239,TRUE,chr11,61739078,61739837
chr19.5328,ENSG00000087086,FTL,6.82E-05,0.915919023,0.000933957,0.046767475,FALSE,chr19,49381742,49382354
chr9.764,ENSG00000165060,FXN,3.88E-06,0.799135955,0.00063446,0.036425301,TRUE,chr9,71635482,71635987
chr1.6815,ENSG00000116717,GADD45A,0.000251273,0.869592006,0.001245276,0.056187035,FALSE,chr1,68148293,68148785
chr2.1528,ENSG00000143891,GALM,0.000767125,0.659643991,0.001863973,0.074148921,TRUE,chr2,38881285,38881958
chr2.1526,ENSG00000143891,GALM,0.000135003,0.702308999,0.001075824,0.051512465,TRUE,chr2,38870831,38871343
chrX.952,ENSG00000102145,GATA1,1.20E-74,0.604984299,3.94E-06,0.000407239,TRUE,chrX,48641145,48641725
chr3.3679,ENSG00000179348,GATA2,1.55E-16,0.795858795,0.000102459,0.009892489,TRUE,chr3,128134018,128136418
chr3.3677,ENSG00000179348,GATA2,3.40E-07,0.852544227,0.000583231,0.036268321,TRUE,chr3,128131364,128132659
chr3.3676,ENSG00000179348,GATA2,4.17E-05,0.882803909,0.000859083,0.044437926,FALSE,chr3,128130445,128130630
chr3.3678,ENSG00000179348,GATA2,0.000177459,0.883979162,0.001146757,0.053759253,FALSE,chr3,128133125,128133192
chr22.1789,ENSG00000100116,GCAT,0.000113861,0.82717115,0.001032476,0.050048461,FALSE,chr22,38198081,38199977
chr9.3633,ENSG00000165702,GFI1B,9.79E-34,0.577809879,3.94E-06,0.000407239,TRUE,chr9,135879214,135880165
chr9.3630,ENSG00000165702,GFI1B,1.40E-07,0.769593129,0.000559586,0.036268321,TRUE,chr9,135874193,135875115
chr7.3567,ENSG00000146830,GIGYF1,6.52E-07,0.695333799,0.000591112,0.036268321,TRUE,chr7,100290947,100292440
chr19.2299,ENSG00000123159,GIPC1,0.000900864,0.815805072,0.002049188,0.080562574,TRUE,chr19,14134328,14134727
chr14.2077,ENSG00000182512,GLRX5,1.46E-11,0.807499831,0.00031526,0.025646217,TRUE,chr14,96012156,96012446
chr14.2067,ENSG00000182512,GLRX5,0.000504624,0.928526866,0.001556595,0.064828254,FALSE,chr14,95990446,95990848
chr1.10229,ENSG00000135821,GLUL,8.52E-15,0.792938008,0.000193097,0.017943482,TRUE,chr1,182307087,182307634
chr1.10230,ENSG00000135821,GLUL,3.11E-10,0.825951263,0.000386193,0.029288394,TRUE,chr1,182308166,182308458
chr6.847,ENSG00000137198,GMPR,4.55E-06,0.802857601,0.000638401,0.036606848,TRUE,chr6,16215488,16216174
chr6.848,ENSG00000137198,GMPR,1.80E-06,0.844399031,0.000614757,0.036268321,TRUE,chr6,16224668,16225036
chr5.3497,ENSG00000113552,GNPDA1,6.20E-11,0.785709116,0.000331023,0.026291705,TRUE,chr5,141393859,141394131
chr3.1280,ENSG00000144674,GOLGA4,0.000226078,0.857741466,0.001221632,0.056040113,TRUE,chr3,37271176,37271631
chr3.4789,ENSG00000173905,GOLIM4,9.32E-05,0.819055409,0.000989127,0.048547781,TRUE,chr3,167834017,167834517
chr14.1905,ENSG00000119714,GPR68,4.31E-07,0.289872598,0.000587171,0.036268321,TRUE,chr14,91733867,91734896
chr14.1904,ENSG00000119714,GPR68,1.78E-11,0.291056522,0.00031526,0.025646217,TRUE,chr14,91730726,91731361
chr14.1906,ENSG00000119714,GPR68,0.000249285,0.558598638,0.001237395,0.056106356,TRUE,chr14,91735774,91736052
chr2.4504,ENSG00000136732,GYPC,5.40E-74,0.600998589,3.94E-06,0.000407239,TRUE,chr2,127402697,127403360
chr2.4505,ENSG00000136732,GYPC,4.35E-46,0.781339677,3.94E-06,0.000407239,TRUE,chr2,127408640,127408979
chr15.3129,ENSG00000140511,HAPLN3,0.000368084,0.293898212,0.001383202,0.05955876,TRUE,chr15,89530317,89530536
chr11.762,ENSG00000244734,HBB,0.000507738,0.488071187,0.001568417,0.065205111,FALSE,chr11,4679971,4680516
chr16.29,ENSG00000130656,HBZ,1.43E-105,0.677693112,3.94E-06,0.000407239,TRUE,chr16,192954,193472
chr16.30,ENSG00000130656,HBZ,1.54E-25,0.806748351,3.94E-06,0.000407239,TRUE,chr16,194856,195252
chr6.4554,ENSG00000111906,HDDC2,1.41E-26,0.6990503,3.94E-06,0.000407239,TRUE,chr6,125628316,125628905
chr6.4553,ENSG00000111906,HDDC2,1.21E-12,0.75464975,0.000271912,0.023632681,TRUE,chr6,125624636,125624816
chr9.1594,ENSG00000136929,HEMGN,1.14E-30,0.649209506,3.94E-06,0.000407239,TRUE,chr9,100723075,100723580
chr10.3365,ENSG00000152804,HHEX,9.23E-12,0.790589621,0.000303438,0.02520783,TRUE,chr10,94516804,94517296
chr10.3364,ENSG00000152804,HHEX,0.000901632,0.878912507,0.002049188,0.080562574,TRUE,chr10,94515960,94516641
chr2.5899,ENSG00000198130,HIBCH,0.001390857,0.816266316,0.002648182,0.097127547,TRUE,chr2,191646390,191646753
chr6.1373,ENSG00000184357,HIST1H1B,0.001027666,0.800360742,0.002194996,0.084666705,TRUE,chr6,28696961,28697283
chr6.1147,ENSG00000187837,HIST1H1C,0.000525766,0.903429234,0.00158024,0.065407449,FALSE,chr6,26336506,26337384
chr6.1130,ENSG00000187837,HIST1H1C,0.000548377,0.930663481,0.001603884,0.06597955,FALSE,chr6,26297148,26297675
chr6.1077,ENSG00000124575,HIST1H1D,5.41E-06,0.793644899,0.000646282,0.036748854,TRUE,chr6,25958898,25959202
chr6.1185,ENSG00000124575,HIST1H1D,0.000611917,0.861354591,0.001670877,0.067728123,FALSE,chr6,26593040,26593144
chr6.1077,ENSG00000168298,HIST1H1E,1.38E-06,0.822309426,0.000610816,0.036268321,TRUE,chr6,25958898,25959202
chr6.1133,ENSG00000168298,HIST1H1E,3.77E-05,0.849202101,0.000851201,0.044421184,TRUE,chr6,26310084,26310198
chr6.1175,ENSG00000180573,HIST1H2AC,9.39E-05,0.843950484,0.000989127,0.048547781,FALSE,chr6,26553414,26554624
chr6.1165,ENSG00000158373,HIST1H2BD,3.65E-05,0.82955423,0.000847261,0.044264659,TRUE,chr6,26478370,26478805
chr6.1172,ENSG00000158373,HIST1H2BD,0.001339668,0.892759755,0.002600893,0.095766631,FALSE,chr6,26532932,26533685
chr6.1269,ENSG00000124635,HIST1H2BJ,5.11E-06,0.848665784,0.000642342,0.036698553,TRUE,chr6,27568298,27568470
chr6.1314,ENSG00000124635,HIST1H2BJ,6.25E-05,0.881312593,0.000918194,0.04627383,FALSE,chr6,27869624,27869882
chr6.1147,ENSG00000197903,HIST1H2BK,0.000668442,0.903229793,0.001749692,0.070557891,FALSE,chr6,26336506,26337384
chr6.1314,ENSG00000197903,HIST1H2BK,1.26E-05,0.906112136,0.000729038,0.039813444,FALSE,chr6,27869624,27869882
chr6.1269,ENSG00000197903,HIST1H2BK,0.000595028,0.917019583,0.001659054,0.067423285,FALSE,chr6,27568298,27568470
chr6.1077,ENSG00000197061,HIST1H4C,0.000172277,0.891042067,0.001130994,0.053232588,FALSE,chr6,25958898,25959202
chr6.1129,ENSG00000158406,HIST1H4H,0.000483788,0.801033686,0.001525069,0.063911539,TRUE,chr6,26295984,26296643
chr6.1130,ENSG00000158406,HIST1H4H,2.32E-07,0.807103776,0.00057929,0.036268321,TRUE,chr6,26297148,26297675
chr6.1165,ENSG00000158406,HIST1H4H,4.02E-05,0.814420242,0.000859083,0.044437926,TRUE,chr6,26478370,26478805
chr6.1221,ENSG00000158406,HIST1H4H,0.001046381,0.846779285,0.002230463,0.085543523,TRUE,chr6,27156121,27157007
chr6.1219,ENSG00000158406,HIST1H4H,0.000660038,0.882516434,0.001729988,0.069883188,FALSE,chr6,27144906,27145983
chr5.1234,ENSG00000112972,HMGCS1,0.00027767,0.814626824,0.001272861,0.056783621,TRUE,chr5,43320956,43321284
chr5.4957,ENSG00000197451,HNRNPAB,0.001021274,0.922000005,0.002187115,0.084570827,FALSE,chr5,178258945,178259114
chr2.1526,ENSG00000143889,HNRNPLL,0.000659297,0.826769801,0.001729988,0.069883188,TRUE,chr2,38870831,38871343
chr2.403,ENSG00000115756,HPCAL1,4.99E-06,0.812725913,0.000642342,0.036698553,TRUE,chr2,10437938,10438550
chr7.2946,ENSG00000106211,HSPB1,1.90E-08,0.867048944,0.000512297,0.035319956,FALSE,chr7,75920713,75921481
chr3.2983,ENSG00000179097,HTR1F,9.24E-06,0.50171626,0.000697512,0.038530745,TRUE,chr3,87847164,87847484
chr3.2985,ENSG00000179097,HTR1F,6.52E-05,0.551972325,0.000930016,0.046669547,TRUE,chr3,87850705,87850892
chr17.4314,ENSG00000108622,ICAM2,5.61E-18,0.640282065,4.73E-05,0.004700903,TRUE,chr17,62101526,62101963
chr17.4315,ENSG00000108622,ICAM2,6.18E-10,0.75925,0.000405897,0.030294085,TRUE,chr17,62103065,62103510
chr19.1775,ENSG00000076662,ICAM3,1.78E-05,0.836043403,0.000760564,0.04066405,FALSE,chr19,10410118,10410950
chr19.1775,ENSG00000105376,ICAM5,1.23E-06,0.736947878,0.000606875,0.036268321,FALSE,chr19,10410118,10410950
chr20.846,ENSG00000125968,ID1,1.90E-136,0.365116448,3.94E-06,0.000407239,TRUE,chr20,30198326,30198924
chr20.845,ENSG00000125968,ID1,9.26E-31,0.647845782,3.94E-06,0.000407239,TRUE,chr20,30196205,30196780
chr2.183,ENSG00000115738,ID2,4.27E-36,0.586910741,3.94E-06,0.000407239,TRUE,chr2,8665160,8666881
chr2.185,ENSG00000115738,ID2,8.14E-14,0.694690602,0.000228563,0.02031578,TRUE,chr2,8675906,8677898
chr2.184,ENSG00000115738,ID2,3.96E-19,0.707317861,1.18E-05,0.001190325,TRUE,chr2,8674781,8675783
chr6.1563,ENSG00000137331,IER3,0.000220916,0.774506084,0.001217691,0.055913888,TRUE,chr6,30761555,30761674
chr1.10177,ENSG00000162783,IER5,0.000952931,0.83324923,0.002100418,0.081756341,TRUE,chr1,181110563,181111112
chr11.30,ENSG00000185885,IFITM1,8.90E-10,0.783386782,0.000417719,0.03078551,TRUE,chr11,350815,351291
chr17.2443,ENSG00000141753,IGFBP4,3.20E-06,0.518512079,0.000626579,0.036425301,TRUE,chr17,38692342,38693216
chr1.8052,ENSG00000143061,IGSF3,1.78E-05,0.510333398,0.000760564,0.04066405,TRUE,chr1,117229784,117230655
chr7.1155,ENSG00000136244,IL6,3.63E-07,0.305561686,0.000583231,0.036268321,TRUE,chr7,22721481,22722093
chr7.1154,ENSG00000136244,IL6,1.62E-08,0.446904311,0.000512297,0.035319956,TRUE,chr7,22720183,22720580
chr18.397,ENSG00000141401,IMPA2,4.84E-05,0.753608433,0.000874846,0.044566902,FALSE,chr18,11947158,11947945
chr7.5881,ENSG00000186480,INSIG1,0.000274432,0.891094537,0.001261039,0.056309643,TRUE,chr7,155082665,155083264
chr8.2347,ENSG00000164941,INTS8,0.000971283,0.781126937,0.002124063,0.082471861,TRUE,chr8,96172370,96172574
chr5.1827,ENSG00000145703,IQGAP2,0.001463873,0.815062805,0.002734878,0.098918447,TRUE,chr5,75668232,75668895
chrX.2695,ENSG00000184216,IRAK1,1.70E-07,0.851479273,0.000563527,0.036268321,TRUE,chrX,153250743,153251468
chr19.2873,ENSG00000105655,ISYNA1,0.001406933,0.903658731,0.002663945,0.09747758,FALSE,chr19,18411860,18412279
chr10.4033,ENSG00000148841,ITPRIP,0.000648806,0.654382602,0.001726047,0.069844008,TRUE,chr10,106099366,106100785
chr19.367,ENSG00000167476,JSRP1,0.001464904,0.143281218,0.002734878,0.098918447,TRUE,chr19,1546146,1546546
chr19.2872,ENSG00000130522,JUND,1.58E-05,0.723307267,0.000752683,0.040586168,TRUE,chr19,18402037,18404592
chr19.2871,ENSG00000130522,JUND,0.000296217,0.820353186,0.001304387,0.057742757,TRUE,chr19,18401089,18401457
chr17.2540,ENSG00000173801,JUP,3.00E-13,0.65729947,0.000232504,0.020588213,TRUE,chr17,39948928,39949781
chr3.1018,ENSG00000114166,KAT2B,0.000104882,0.555500847,0.001028535,0.050048461,TRUE,chr3,20064352,20064799
chr19.2873,ENSG00000105642,KCNN1,0.000111199,0.32181065,0.001032476,0.050048461,TRUE,chr19,18411860,18412279
chr19.4591,ENSG00000104783,KCNN4,3.96E-07,0.597068484,0.000587171,0.036268321,TRUE,chr19,44289358,44289805
chr19.4589,ENSG00000104783,KCNN4,0.000148916,0.679954924,0.001111291,0.05283406,TRUE,chr19,44286891,44287357
chr7.5193,ENSG00000197993,KEL,1.28E-06,0.739516189,0.000606875,0.036268321,TRUE,chr7,142661532,142661933
chr6.3721,ENSG00000135315,KIAA1009,0.001292111,0.74327359,0.002545723,0.094475038,TRUE,chr6,84684170,84684775
chr5.1488,ENSG00000068796,KIF2A,0.000584387,0.87413478,0.001651173,0.067335779,TRUE,chr5,61557406,61557863
chr4.1581,ENSG00000157404,KIT,2.13E-06,0.225867906,0.000614757,0.036268321,TRUE,chr4,55437329,55438153
chr4.1578,ENSG00000157404,KIT,3.07E-05,0.412626377,0.000831498,0.043635064,TRUE,chr4,55408654,55409265
chr10.146,ENSG00000067082,KLF6,9.38E-07,0.783326644,0.000602934,0.036268321,TRUE,chr10,3852307,3852652
chr10.143,ENSG00000067082,KLF6,9.76E-06,0.815414385,0.000701453,0.038530745,TRUE,chr10,3845692,3845859
chr10.145,ENSG00000067082,KLF6,0.000163455,0.843686702,0.001123113,0.053074138,TRUE,chr10,3848111,3848378
chr12.520,ENSG00000150045,KLRF1,6.25E-07,0.245951543,0.000591112,0.036268321,TRUE,chr12,9893035,9893287
chr2.3248,ENSG00000172086,KRCC1,0.000829478,0.768841682,0.001927025,0.076141788,TRUE,chr2,88357012,88357377
chr17.2493,ENSG00000171345,KRT19,8.21E-132,0.393879328,3.94E-06,0.000407239,TRUE,chr17,39686256,39687108
chr17.2497,ENSG00000171345,KRT19,1.06E-06,0.883588763,0.000606875,0.036268321,FALSE,chr17,39704174,39704534
chr1.4289,ENSG00000162511,LAPTM5,0.000548654,0.114579978,0.001607825,0.066083846,TRUE,chr1,31250328,31250993
chr5.4044,ENSG00000155506,LARP1,9.59E-09,0.837113179,0.000496534,0.034639516,FALSE,chr5,154033185,154033981
chr1.11936,ENSG00000143815,LBR,6.73E-05,0.879724468,0.000930016,0.046669547,TRUE,chr1,225632512,225633051
chr10.3525,ENSG00000196233,LCOR,0.001098418,0.773252809,0.002313218,0.087857457,TRUE,chr10,98590403,98590602
chr4.319,ENSG00000168924,LETM1,0.000757291,0.84377783,0.00184821,0.073834196,FALSE,chr4,2268597,2269649
chr12.1615,ENSG00000050426,LETMD1,1.03E-10,0.953712906,0.000354667,0.027701749,FALSE,chr12,51295280,51296049
chr22.1870,ENSG00000100097,LGALS1,9.43E-06,0.864125417,0.000697512,0.038530745,FALSE,chr22,38800145,38800331
chr22.1657,ENSG00000100097,LGALS1,2.51E-07,0.879380016,0.000583231,0.036268321,FALSE,chr22,37378106,37378705
chr22.1887,ENSG00000100097,LGALS1,0.0004888,0.89643194,0.00152901,0.06396267,FALSE,chr22,38910577,38910985
chr14.836,ENSG00000131981,LGALS3,1.59E-07,0.304844645,0.000559586,0.036268321,TRUE,chr14,55569715,55570393
chr22.1257,ENSG00000182541,LIMK2,0.001088982,0.696688542,0.002293515,0.087320698,TRUE,chr22,30612533,30613178
chr1.3775,ENSG00000131914,LIN28A,9.36E-05,0.726961938,0.000989127,0.048547781,FALSE,chr1,26704529,26705422
chr1.3789,ENSG00000131914,LIN28A,0.000194292,0.821266008,0.001182224,0.055147,TRUE,chr1,26835067,26835287
chr11.1735,ENSG00000135363,LMO2,1.11E-216,0.262618829,3.94E-06,0.000407239,TRUE,chr11,33966182,33966805
chr11.1734,ENSG00000135363,LMO2,5.56E-74,0.481958338,3.94E-06,0.000407239,TRUE,chr11,33963092,33963689
chr11.1733,ENSG00000135363,LMO2,5.47E-11,0.794799488,0.000331023,0.026291705,TRUE,chr11,33958518,33959265
chr11.1732,ENSG00000135363,LMO2,1.08E-06,0.839305948,0.000606875,0.036268321,TRUE,chr11,33954432,33954581
chr11.1764,ENSG00000135363,LMO2,0.000552975,0.869036329,0.001615706,0.066291891,FALSE,chr11,34393009,34393384
chr11.1780,ENSG00000135363,LMO2,0.001322943,0.888991073,0.002573308,0.095273173,FALSE,chr11,34640541,34640940
chr12.586,ENSG00000165714,LOH12CR1,2.12E-08,0.622452256,0.000516238,0.035487578,TRUE,chr12,12506742,12507177
chr5.422,ENSG00000153395,LPCAT1,0.000113412,0.613136627,0.001032476,0.050048461,TRUE,chr5,1525232,1525467
chr17.3537,ENSG00000108829,LRRC59,0.000668147,0.920535207,0.001749692,0.070557891,FALSE,chr17,47937527,47937929
chr3.770,ENSG00000170860,LSM3,7.12E-07,0.901652869,0.000591112,0.036268321,TRUE,chr3,14273847,14274711
chr8.1663,ENSG00000254087,LYN,0.000480726,0.835646559,0.001525069,0.063911539,TRUE,chr8,56760398,56760957
chr15.1149,ENSG00000140280,LYSMD2,5.65E-05,0.784454941,0.000890609,0.045174138,FALSE,chr15,51944303,51944883
chrX.504,ENSG00000099399,MAGEB2,0.000952883,0.706741126,0.002100418,0.081756341,TRUE,chrX,30301543,30302283
chrX.505,ENSG00000099399,MAGEB2,0.000391145,0.722955953,0.00142655,0.060867876,TRUE,chrX,30302374,30302520
chr1.7885,ENSG00000081026,MAGI3,5.57E-07,0.709012947,0.000587171,0.036268321,TRUE,chr1,113683148,113684048
chr1.5052,ENSG00000185090,MANEAL,0.001207932,0.68307619,0.002462967,0.092572902,TRUE,chr1,38993066,38993269
chr12.586,ENSG00000111261,MANSC1,5.50E-06,0.496765539,0.000646282,0.036748854,TRUE,chr12,12506742,12507177
chr16.4806,ENSG00000140941,MAP1LC3B,1.62E-06,0.862303654,0.000614757,0.036268321,FALSE,chr16,87905150,87905476
chr17.4273,ENSG00000198909,MAP3K3,0.001029466,0.435736354,0.002206818,0.084774996,TRUE,chr17,61921647,61922036
chr1.4291,ENSG00000162510,MATN1,0.000286587,0.024876971,0.001296506,0.057456833,TRUE,chr1,31252307,31252831
chr19.488,ENSG00000071655,MBD3,0.000940122,0.838019819,0.002088596,0.081498571,FALSE,chr19,2059423,2060263
chr2.185,ENSG00000143797,MBOAT2,0.001468983,0.858516418,0.002746701,0.099193443,FALSE,chr2,8675906,8677898
chr11.2129,ENSG00000110492,MDK,0.000904941,0.892169996,0.00205707,0.080804868,FALSE,chr11,46269151,46269495
chr11.2128,ENSG00000110492,MDK,0.000158558,0.904071796,0.001119172,0.05294112,FALSE,chr11,46264597,46265479
chr12.3954,ENSG00000123066,MED13L,8.56E-05,0.76089255,0.000973364,0.048024762,TRUE,chr12,116798620,116799156
chr15.2841,ENSG00000183496,MEX3B,3.33E-09,0.388081377,0.00047289,0.033740926,TRUE,chr15,82237262,82237723
chr15.3128,ENSG00000140545,MFGE8,3.07E-12,0.6585348,0.000279793,0.023747055,TRUE,chr15,89528669,89529559
chr15.3129,ENSG00000140545,MFGE8,1.36E-11,0.728840832,0.000311319,0.025646217,TRUE,chr15,89530317,89530536
chr15.3122,ENSG00000140545,MFGE8,4.56E-07,0.78034693,0.000587171,0.036268321,TRUE,chr15,89461057,89461290
chr15.3123,ENSG00000140545,MFGE8,0.000552465,0.803827522,0.001615706,0.066291891,TRUE,chr15,89461454,89461574
chr15.3124,ENSG00000140545,MFGE8,1.55E-05,0.820190344,0.000752683,0.040586168,FALSE,chr15,89463841,89464106
chr4.2840,ENSG00000137463,MGARP,0.000690541,0.131625135,0.001757573,0.070814986,TRUE,chr4,140099709,140099833
chr22.2018,ENSG00000128268,MGAT3,7.27E-11,0.494284142,0.000342845,0.027002632,FALSE,chr22,39848573,39849121
chr1.1957,ENSG00000116691,MIIP,6.73E-12,0.895855067,0.000291615,0.024354796,FALSE,chr1,12098306,12099428
chr10.3228,ENSG00000107789,MINPP1,5.50E-07,0.63396403,0.000587171,0.036268321,TRUE,chr10,89260375,89260759
chr3.2746,ENSG00000187098,MITF,1.62E-11,0.565093495,0.00031526,0.025646217,TRUE,chr3,69773879,69774741
chr19.488,ENSG00000099875,MKNK2,5.57E-14,0.711583512,0.000228563,0.02031578,TRUE,chr19,2059423,2060263
chr19.489,ENSG00000099875,MKNK2,7.14E-09,0.777362397,0.000492593,0.034621435,FALSE,chr19,2060950,2061949
chr5.1275,ENSG00000164172,MOCS2,1.30E-19,0.710001556,7.88E-06,0.000798681,TRUE,chr5,52414682,52415140
chr5.1276,ENSG00000164172,MOCS2,7.83E-12,0.724234614,0.000295556,0.024640149,TRUE,chr5,52416095,52416267
chr1.9777,ENSG00000143158,MPC2,0.001023873,0.904826228,0.002194996,0.084666705,FALSE,chr1,168188048,168188215
chr22.1657,ENSG00000128309,MPST,0.000172181,0.899559301,0.001130994,0.053232588,FALSE,chr22,37378106,37378705
chr22.1656,ENSG00000128309,MPST,0.000390943,0.910371721,0.00142655,0.060867876,FALSE,chr22,37376763,37377090
chr6.3721,ENSG00000135324,MRAP2,2.11E-37,0.334633144,3.94E-06,0.000407239,TRUE,chr6,84684170,84684775
chr11.2530,ENSG00000166902,MRPL16,0.001332328,0.916341693,0.002589071,0.095630877,FALSE,chr11,59961156,59961443
chr3.5052,ENSG00000136522,MRPL47,0.000359375,0.854077647,0.00137138,0.059158059,FALSE,chr3,179019429,179019845
chr11.4166,ENSG00000175581,MRPL48,2.03E-05,0.866222198,0.000764505,0.04066405,FALSE,chr11,73490224,73491098
chr11.3041,ENSG00000149792,MRPL49,0.001031111,0.872424357,0.002206818,0.084774996,FALSE,chr11,64102407,64103102
chr6.2920,ENSG00000048544,MRPS10,1.42E-08,0.821019659,0.000508356,0.035319956,FALSE,chr6,42167008,42167694
chr6.2919,ENSG00000048544,MRPS10,1.59E-07,0.825464082,0.000559586,0.036268321,FALSE,chr6,42165185,42166137
chr3.4045,ENSG00000174579,MSL2,5.42E-11,0.950484986,0.000331023,0.026291705,FALSE,chr3,136732620,136733632
chr11.3768,ENSG00000172927,MYEOV,0.000767088,0.817797968,0.001863973,0.074148921,TRUE,chr11,69216258,69216893
chr11.3769,ENSG00000172927,MYEOV,0.001410378,0.840164901,0.002675767,0.097834037,TRUE,chr11,69224596,69225355
chr17.3215,ENSG00000198336,MYL4,0.001145915,0.87882935,0.00237233,0.089595936,FALSE,chr17,45275136,45275559
chr6.836,ENSG00000007944,MYLIP,0.001076255,0.868283483,0.002281692,0.087152868,TRUE,chr6,16047777,16047967
chr2.5925,ENSG00000173559,NABP1,1.37E-06,0.745259391,0.000610816,0.036268321,TRUE,chr2,192461921,192462372
chr1.97,ENSG00000008130,NADK,0.000266521,0.89210158,0.001257098,0.056187035,FALSE,chr1,1070230,1071314
chr9.3033,ENSG00000171169,NAIF1,9.10E-12,0.907740943,0.000303438,0.02520783,FALSE,chr9,131545833,131546167
chr11.1735,ENSG00000135372,NAT10,2.38E-06,0.771851396,0.000614757,0.036268321,TRUE,chr11,33966182,33966805
chr1.10615,ENSG00000134369,NAV1,0.000123165,0.332870433,0.00105612,0.05082781,FALSE,chr1,201535977,201536763
chr2.904,ENSG00000084676,NCOA1,0.000199663,0.797115767,0.001194046,0.055314343,FALSE,chr2,24680627,24680984
chr3.3352,ENSG00000065518,NDUFB4,2.27E-07,0.858826049,0.000575349,0.036268321,TRUE,chr3,120290965,120291185
chr18.1280,ENSG00000049759,NEDD4L,5.66E-05,0.588730925,0.000890609,0.045174138,TRUE,chr18,55708851,55709263
chr14.1538,ENSG00000119638,NEK9,0.001208234,0.738900194,0.002462967,0.092572902,FALSE,chr14,75696446,75697001
chr1.11595,ENSG00000117691,NENF,0.000191994,0.877229347,0.001174343,0.054833752,FALSE,chr1,212604337,212604624
chr10.222,ENSG00000173848,NET1,8.72E-08,0.819120213,0.000555645,0.036268321,TRUE,chr10,5521403,5522231
chr10.219,ENSG00000173848,NET1,3.96E-06,0.822345684,0.00063446,0.036425301,TRUE,chr10,5514320,5514571
chr14.550,ENSG00000100906,NFKBIA,0.000167078,0.784865251,0.001127054,0.053206889,TRUE,chr14,35838943,35839213
chr17.1404,ENSG00000087095,NLK,0.000242932,0.710546696,0.001237395,0.056106356,TRUE,chr17,26313796,26314352
chr4.1627,ENSG00000109255,NMU,0,0.188338876,3.94E-06,0.000407239,TRUE,chr4,56596632,56597095
chr4.1628,ENSG00000109255,NMU,6.12E-47,0.682486885,3.94E-06,0.000407239,TRUE,chr4,56600029,56600394
chr4.1626,ENSG00000109255,NMU,1.19E-50,0.72892479,3.94E-06,0.000407239,TRUE,chr4,56595855,56596581
chr4.1625,ENSG00000109255,NMU,5.30E-14,0.835655216,0.000228563,0.02031578,TRUE,chr4,56589677,56589836
chr4.1623,ENSG00000109255,NMU,0.000460293,0.933807482,0.001513247,0.063871513,FALSE,chr4,56532706,56532903
chr16.496,ENSG00000183971,NPW,7.25E-06,0.764055913,0.000665986,0.037146705,TRUE,chr16,2072609,2074298
chr15.3490,ENSG00000185551,NR2F2,0.000264543,0.874427818,0.001257098,0.056187035,FALSE,chr15,96474263,96474376
chr21.79,ENSG00000180530,NRIP1,5.43E-15,0.86803066,0.000189156,0.017752711,FALSE,chr21,16582605,16582997
chr10.3946,ENSG00000076685,NT5C2,0.000765899,0.741680769,0.001863973,0.074148921,FALSE,chr10,104956879,104957360
chr13.188,ENSG00000139496,NUPL1,0.001481944,0.779594701,0.002758523,0.099391375,TRUE,chr13,25926275,25926888
chr11.4261,ENSG00000171561,OR2AT4,0.000244833,0.480702871,0.001237395,0.056106356,TRUE,chr11,74807780,74808295
chr6.1315,ENSG00000124657,OR2B6,1.60E-05,0.516918946,0.000752683,0.040586168,TRUE,chr6,27870108,27871180
chr6.1313,ENSG00000124657,OR2B6,6.01E-06,0.542194906,0.000650223,0.036748854,TRUE,chr6,27863302,27863586
chr3.4520,ENSG00000169860,P2RY1,0.001241099,0.801573761,0.002490552,0.093161257,TRUE,chr3,152694069,152694481
chr17.5937,ENSG00000185624,P4HB,0.000703641,0.903669347,0.001781218,0.071583634,FALSE,chr17,79276239,79276437
chr20.2420,ENSG00000124171,PARD6B,0.000535521,0.712970625,0.00158418,0.06551289,TRUE,chr20,49327733,49327921
chr17.3823,ENSG00000141179,PCTP,1.09E-08,0.721441329,0.000496534,0.034639516,TRUE,chr17,53815244,53815940
chr10.4148,ENSG00000150593,PDCD4,3.56E-05,0.755767554,0.000847261,0.044264659,FALSE,chr10,112617343,112617712
chr4.1627,ENSG00000163440,PDCL2,0.001255082,0.051953676,0.002494493,0.093161257,FALSE,chr4,56596632,56597095
chr10.3436,ENSG00000107438,PDLIM1,5.47E-10,0.705999453,0.000405897,0.030294085,TRUE,chr10,97057100,97057683
chr10.4282,ENSG00000165650,PDZD8,7.11E-06,0.727987316,0.000662045,0.037102954,FALSE,chr10,119170939,119171427
chr10.4281,ENSG00000165650,PDZD8,0.000325355,0.783626816,0.00132015,0.057742757,TRUE,chr10,119168458,119168816
chr3.2093,ENSG00000114268,PFKFB4,0.000729917,0.610399297,0.001812744,0.072664283,TRUE,chr3,49171923,49172136
chr21.1179,ENSG00000141959,PFKL,8.10E-17,0.89452998,8.67E-05,0.008457399,FALSE,chr21,45280531,45281028
chr17.2188,ENSG00000161395,PGAP3,0.000122756,0.198501652,0.00105612,0.05082781,FALSE,chr17,37023690,37024303
chr1.8681,ENSG00000163218,PGLYRP4,9.70E-05,0.537706458,0.000993068,0.048690373,TRUE,chr1,153407359,153407888
chr17.3537,ENSG00000167085,PHB,0.000133779,0.922908064,0.001071883,0.051376092,FALSE,chr17,47937527,47937929
chr9.2278,ENSG00000119403,PHF19,6.27E-08,0.864601096,0.000551705,0.036268321,TRUE,chr9,123659222,123659930
chr11.5498,ENSG00000019144,PHLDB1,4.38E-05,0.699521636,0.000874846,0.044566902,TRUE,chr11,118475367,118475562
chr11.4679,ENSG00000073921,PICALM,2.19E-26,0.642842066,3.94E-06,0.000407239,TRUE,chr11,85854635,85855017
chr11.4680,ENSG00000073921,PICALM,8.75E-14,0.679422416,0.000228563,0.02031578,TRUE,chr11,85859561,85859611
chr11.4685,ENSG00000073921,PICALM,1.56E-08,0.78409556,0.000512297,0.035319956,TRUE,chr11,85887213,85887922
chr11.4681,ENSG00000073921,PICALM,2.00E-10,0.79473536,0.000374371,0.028576173,TRUE,chr11,85862307,85862817
chr11.4684,ENSG00000073921,PICALM,7.41E-08,0.824417913,0.000555645,0.036268321,TRUE,chr11,85885520,85886017
chr11.4678,ENSG00000073921,PICALM,2.80E-05,0.853419532,0.000823616,0.043366662,TRUE,chr11,85845654,85846137
chr11.4687,ENSG00000073921,PICALM,0.00019933,0.884605479,0.001194046,0.055314343,FALSE,chr11,85894825,85895099
chr3.4087,ENSG00000051382,PIK3CB,0.000361295,0.757100786,0.00137138,0.059158059,TRUE,chr3,138594478,138595211
chr6.2479,ENSG00000137193,PIM1,2.14E-12,0.829147599,0.000279793,0.023747055,TRUE,chr6,37077436,37078260
chr6.2470,ENSG00000137193,PIM1,1.08E-06,0.878137884,0.000606875,0.036268321,FALSE,chr6,37017791,37018809
chr15.2084,ENSG00000067225,PKM,4.16E-50,0.531294993,3.94E-06,0.000407239,TRUE,chr15,72529615,72530239
chr15.2083,ENSG00000067225,PKM,4.09E-43,0.587957337,3.94E-06,0.000407239,TRUE,chr15,72529446,72529566
chr15.2085,ENSG00000067225,PKM,4.16E-29,0.672041146,3.94E-06,0.000407239,TRUE,chr15,72530374,72530460
chr11.2897,ENSG00000176485,PLA2G16,1.84E-07,0.745287894,0.000563527,0.036268321,FALSE,chr11,63334657,63335184
chr9.246,ENSG00000147872,PLIN2,0.000184167,0.854555499,0.001166461,0.05457413,TRUE,chr9,19154068,19154656
chr19.1096,ENSG00000105355,PLIN3,7.49E-05,0.817982194,0.00094972,0.047254852,TRUE,chr19,4870093,4870579
chrX.1005,ENSG00000102007,PLP2,1.11E-06,0.791233207,0.000606875,0.036268321,TRUE,chrX,49004882,49005456
chrX.1004,ENSG00000102007,PLP2,5.75E-11,0.822485303,0.000331023,0.026291705,TRUE,chrX,49004334,49004484
chr6.3824,ENSG00000146278,PNRC1,0.001260378,0.83480907,0.002498434,0.093161257,FALSE,chr6,89745086,89745920
chr6.5240,ENSG00000198729,PPP1R14C,8.79E-10,0.616747184,0.000417719,0.03078551,TRUE,chr6,150592495,150593527
chr7.3510,ENSG00000160813,PPP1R35,0.001232275,0.884444943,0.002482671,0.093161257,FALSE,chr7,100041941,100042794
chr17.3603,ENSG00000108819,PPP1R9B,2.23E-11,0.539695582,0.00031526,0.025646217,TRUE,chr17,48230921,48231957
chr12.3641,ENSG00000196850,PPTC7,0.001394402,0.606919209,0.002656063,0.097340688,TRUE,chr12,111245423,111245686
chr5.3602,ENSG00000186314,PRELID2,6.07E-12,0.692822347,0.000287675,0.024154386,TRUE,chr5,145234121,145234720
chr5.1161,ENSG00000132356,PRKAA1,1.36E-05,0.759222124,0.00073692,0.040011505,FALSE,chr5,40802010,40802502
chr7.4040,ENSG00000005249,PRKAR2B,1.63E-14,0.667558699,0.000216741,0.019982678,TRUE,chr7,106618759,106619430
chr7.4045,ENSG00000005249,PRKAR2B,7.23E-09,0.74510047,0.000492593,0.034621435,TRUE,chr7,106647453,106648219
chr7.4046,ENSG00000005249,PRKAR2B,2.00E-10,0.779790892,0.000374371,0.028576173,TRUE,chr7,106650504,106650972
chr7.4041,ENSG00000005249,PRKAR2B,2.04E-09,0.790561479,0.000449245,0.032497703,TRUE,chr7,106619602,106619915
chr7.4042,ENSG00000005249,PRKAR2B,0.000123583,0.839860932,0.001060061,0.050965301,TRUE,chr7,106620127,106620526
chr7.4048,ENSG00000005249,PRKAR2B,0.001457329,0.857201614,0.002734878,0.098918447,TRUE,chr7,106666076,106666272
chr7.4050,ENSG00000005249,PRKAR2B,0.000603889,0.886891825,0.001662995,0.067525073,TRUE,chr7,106675810,106676245
chr17.4440,ENSG00000154229,PRKCA,0.000772489,0.816591646,0.001863973,0.074148921,TRUE,chr17,64292305,64292745
chr16.1866,ENSG00000166501,PRKCB,2.63E-134,0.447719819,3.94E-06,0.000407239,TRUE,chr16,23833191,23833694
chr16.1867,ENSG00000166501,PRKCB,2.88E-12,0.783621001,0.000279793,0.023747055,TRUE,chr16,23837878,23838250
chr16.1865,ENSG00000166501,PRKCB,5.77E-07,0.876911771,0.000587171,0.036268321,FALSE,chr16,23814819,23815225
chr20.345,ENSG00000171867,PRNP,5.97E-06,0.671694008,0.000650223,0.036748854,FALSE,chr20,4654111,4654795
chr19.5070,ENSG00000257704,PRR24,1.27E-06,0.706516813,0.000606875,0.036268321,TRUE,chr19,47781653,47781790
chr11.4678,ENSG00000150687,PRSS23,0.000329408,0.109689795,0.001331972,0.058151667,FALSE,chr11,85845654,85846137
chr10.2502,ENSG00000197746,PSAP,0.000181276,0.874285676,0.00115858,0.054259375,TRUE,chr10,73619995,73621014
chr19.129,ENSG00000011304,PTBP1,0.000273583,0.885232761,0.001257098,0.056187035,FALSE,chr19,792566,792715
chr1.6877,ENSG00000050628,PTGER3,6.85E-12,0.672469535,0.000291615,0.024354796,TRUE,chr1,71140581,71141997
chr9.2942,ENSG00000148334,PTGES2,0.001026021,0.873493116,0.002194996,0.084666705,FALSE,chr9,130904405,130904578
chr1.10450,ENSG00000081237,PTPRC,7.48E-30,0.328814141,3.94E-06,0.000407239,TRUE,chr1,198602816,198603231
chr1.11973,ENSG00000143811,PYCR2,7.96E-10,0.782831303,0.000417719,0.03078551,TRUE,chr1,226115938,226116590
chr18.300,ENSG00000168461,RAB31,3.16E-06,0.656183378,0.000626579,0.036425301,TRUE,chr18,9876906,9877723
chr18.299,ENSG00000168461,RAB31,0.000151269,0.766042147,0.001115231,0.052914409,TRUE,chr18,9869715,9870317
chr17.6006,ENSG00000169750,RAC3,0.00072944,0.901871133,0.001812744,0.072664283,FALSE,chr17,79451209,79452006
chr1.5857,ENSG00000085999,RAD54L,0.001401236,0.761301341,0.002660004,0.097409187,TRUE,chr1,47001714,47001810
chr2.4367,ENSG00000144118,RALB,0.00028879,0.840620119,0.001296506,0.057456833,TRUE,chr2,121100864,121101354
chr20.29,ENSG00000125826,RBCK1,0.000269896,0.86694906,0.001257098,0.056187035,FALSE,chr20,382661,382937
chr7.3907,ENSG00000189056,RELN,2.01E-26,0.276383062,3.94E-06,0.000407239,TRUE,chr7,103636422,103637017
chrX.345,ENSG00000169891,REPS2,6.78E-05,0.526750132,0.000933957,0.046767475,TRUE,chrX,16948600,16948904
chr6.3307,ENSG00000112077,RHAG,4.05E-88,0.420930349,3.94E-06,0.000407239,TRUE,chr6,49613841,49614470
chr14.61,ENSG00000129538,RNASE1,6.29E-06,0.741131953,0.000654164,0.036748854,TRUE,chr14,21288495,21289078
chr6.5886,ENSG00000026297,RNASET2,0.001466432,0.904264841,0.002738819,0.098984838,FALSE,chr6,167372788,167373074
chr6.702,ENSG00000180537,RNF182,6.80E-14,0.660143658,0.000228563,0.02031578,FALSE,chr6,13987514,13988136
chr6.703,ENSG00000180537,RNF182,2.46E-12,0.727334954,0.000279793,0.023747055,TRUE,chr6,13989897,13989997
chr6.697,ENSG00000180537,RNF182,2.99E-12,0.785152782,0.000279793,0.023747055,TRUE,chr6,13913196,13913557
chr6.704,ENSG00000180537,RNF182,1.29E-11,0.887804083,0.000311319,0.025646217,FALSE,chr6,13992849,13993286
chr17.5742,ENSG00000173821,RNF213,6.75E-14,0.620490072,0.000228563,0.02031578,TRUE,chr17,78228460,78228996
chr17.5743,ENSG00000173821,RNF213,7.46E-06,0.764387832,0.000665986,0.037146705,TRUE,chr17,78231063,78231283
chr20.311,ENSG00000101236,RNF24,1.85E-07,0.751865841,0.000563527,0.036268321,TRUE,chr20,4063368,4064065
chr1.11646,ENSG00000136643,RPS6KC1,2.20E-06,0.704138762,0.000614757,0.036268321,TRUE,chr1,213218549,213219507
chr1.9249,ENSG00000143303,RRNAD1,0.000352698,0.719625152,0.001367439,0.059158059,TRUE,chr1,157244476,157244974
chr2.2087,ENSG00000115310,RTN4,3.23E-55,0.628399336,3.94E-06,0.000407239,TRUE,chr2,55367564,55368147
chr3.2860,ENSG00000163602,RYBP,7.86E-08,0.737300691,0.000555645,0.036268321,TRUE,chr3,72337978,72339214
chr1.8572,ENSG00000163191,S100A11,7.33E-07,0.891422992,0.000595053,0.036268321,FALSE,chr1,151568718,151569468
chr1.8692,ENSG00000197956,S100A6,0.000185876,0.847013095,0.001170402,0.05470407,FALSE,chr1,153504705,153505032
chr21.64,ENSG00000155307,SAMSN1,1.67E-37,0.561351508,3.94E-06,0.000407239,FALSE,chr21,15826558,15827214
chr21.63,ENSG00000155307,SAMSN1,0.000148122,0.825051585,0.00110735,0.052699992,TRUE,chr21,15824441,15824602
chr21.70,ENSG00000155307,SAMSN1,0.000896568,0.868703261,0.002041307,0.080387145,FALSE,chr21,16049915,16050311
chr1.7635,ENSG00000031698,SARS,0.001420571,0.901723484,0.002687589,0.097953365,FALSE,chr1,110431759,110432183
chr19.4063,ENSG00000104835,SARS2,0.000464819,0.560894476,0.001521128,0.063911539,TRUE,chr19,39748864,39749609
chrX.477,ENSG00000130066,SAT1,7.86E-05,0.800810213,0.000965483,0.047937709,FALSE,chrX,24249225,24249576
chr17.641,ENSG00000141504,SAT2,0.001429628,0.814343495,0.002687589,0.097953365,TRUE,chr17,8207833,8208221
chr12.4732,ENSG00000073060,SCARB1,3.79E-07,0.660088057,0.000587171,0.036268321,FALSE,chr12,125371666,125372115
chr15.1149,ENSG00000104112,SCG3,4.61E-13,0.508156276,0.000248267,0.021738393,TRUE,chr15,51944303,51944883
chr15.1151,ENSG00000104112,SCG3,4.70E-12,0.521470677,0.000283734,0.023951817,TRUE,chr15,51964398,51964715
chr15.2230,ENSG00000138623,SEMA7A,0.000335817,0.486724909,0.001339854,0.058387334,TRUE,chr15,74684674,74685228
chr3.3097,ENSG00000138468,SENP7,0.000337676,0.640638638,0.001347735,0.058622128,FALSE,chr3,101249114,101249662
chr11.4356,ENSG00000149257,SERPINH1,5.14E-07,0.786267185,0.000587171,0.036268321,TRUE,chr11,75269992,75270842
chr11.4348,ENSG00000149257,SERPINH1,4.67E-05,0.810958317,0.000874846,0.044566902,TRUE,chr11,75245269,75246455
chr11.4355,ENSG00000149257,SERPINH1,0.000505861,0.874373562,0.001560536,0.064934861,FALSE,chr11,75269289,75269519
chr3.4444,ENSG00000181788,SIAH2,8.63E-07,0.782812831,0.000598994,0.036268321,TRUE,chr3,150451093,150451784
chr3.4443,ENSG00000181788,SIAH2,7.45E-07,0.785798825,0.000595053,0.036268321,TRUE,chr3,150447452,150447844
chr18.1136,ENSG00000154839,SKA1,2.09E-10,0.739060664,0.000378312,0.028783522,TRUE,chr18,47951425,47952045
chr4.1483,ENSG00000145248,SLC10A4,5.82E-05,0.522763772,0.000902431,0.045626137,TRUE,chr4,48483630,48484025
chr20.2047,ENSG00000158296,SLC13A3,2.42E-05,0.498690327,0.000807853,0.042728069,TRUE,chr20,46129547,46129619
chr8.847,ENSG00000147454,SLC25A37,1.34E-91,0.597699028,3.94E-06,0.000407239,TRUE,chr8,23366136,23366992
chr17.2868,ENSG00000013306,SLC25A39,1.21E-25,0.762174578,3.94E-06,0.000407239,TRUE,chr17,42365646,42366265
chr17.2867,ENSG00000013306,SLC25A39,2.70E-07,0.882558762,0.000583231,0.036268321,FALSE,chr17,42358962,42359255
chr17.2878,ENSG00000013306,SLC25A39,0.001133782,0.922966795,0.002364448,0.089370058,FALSE,chr17,42403938,42404615
chr17.5742,ENSG00000181045,SLC26A11,0.000475435,0.517722801,0.001525069,0.063911539,FALSE,chr17,78228460,78228996
chr6.3216,ENSG00000112759,SLC29A1,0.000397199,0.878300209,0.001434432,0.061037997,FALSE,chr6,44430098,44430465
chr12.441,ENSG00000059804,SLC2A3,3.45E-06,0.732377572,0.00063052,0.036425301,TRUE,chr12,8090810,8091157
chr12.445,ENSG00000059804,SLC2A3,9.32E-05,0.76945014,0.000989127,0.048547781,TRUE,chr12,8113305,8113639
chr12.444,ENSG00000059804,SLC2A3,0.00073788,0.809335237,0.001824566,0.07301369,TRUE,chr12,8112407,8112532
chr19.488,ENSG00000141873,SLC39A3,0.00027156,0.905553501,0.001257098,0.056187035,FALSE,chr19,2059423,2060263
chr17.2867,ENSG00000004939,SLC4A1,0.001269148,0.743109839,0.002506315,0.093233333,FALSE,chr17,42358962,42359255
chr3.770,ENSG00000131389,SLC6A6,1.64E-10,0.663690752,0.00037043,0.02841375,TRUE,chr3,14273847,14274711
chr3.771,ENSG00000131389,SLC6A6,1.93E-06,0.715409103,0.000614757,0.036268321,TRUE,chr3,14275998,14276113
chrX.2654,ENSG00000130821,SLC6A8,5.07E-05,0.804405274,0.000874846,0.044566902,TRUE,chrX,153066164,153066438
chr16.4806,ENSG00000103257,SLC7A5,0.000210456,0.818075018,0.001205869,0.055533731,TRUE,chr16,87905150,87905476
chr17.4273,ENSG00000108604,SMARCD2,0.000520655,0.764386425,0.00158024,0.065407449,TRUE,chr17,61921647,61922036
chrX.2259,ENSG00000184785,SMIM10,2.05E-11,0.673481732,0.00031526,0.025646217,TRUE,chrX,134115962,134116414
chr5.1314,ENSG00000178996,SNX18,0.000286494,0.610507119,0.001296506,0.057456833,TRUE,chr5,53609164,53609511
chr17.5435,ENSG00000184557,SOCS3,9.08E-24,0.536412526,3.94E-06,0.000407239,TRUE,chr17,76254596,76255184
chr17.5434,ENSG00000184557,SOCS3,0.000442246,0.81995228,0.001493543,0.063267023,TRUE,chr17,76252638,76253096
chr2.1554,ENSG00000115904,SOS1,0.000908288,0.77096939,0.002061011,0.080824621,TRUE,chr2,39377252,39377637
chr17.3281,ENSG00000189120,SP6,2.39E-07,0.459635042,0.000583231,0.036268321,TRUE,chr17,45944115,45944917
chr17.3283,ENSG00000189120,SP6,0.001246458,0.648166876,0.002494493,0.093161257,TRUE,chr17,45954874,45955451
chr4.2649,ENSG00000145375,SPATA5,0.000334762,0.734412947,0.001339854,0.058387334,TRUE,chr4,123670867,123671008
chr4.3423,ENSG00000129128,SPCS3,9.74E-06,0.848616302,0.000701453,0.038530745,FALSE,chr4,177211664,177212160
chr1.9295,ENSG00000163554,SPTA1,7.10E-23,0.407634522,3.94E-06,0.000407239,TRUE,chr1,158658926,158659223
chr1.9296,ENSG00000163554,SPTA1,3.61E-27,0.414122024,3.94E-06,0.000407239,TRUE,chr1,158661721,158662050
chr4.1627,ENSG00000128039,SRD5A3,7.46E-06,0.775780015,0.000665986,0.037146705,TRUE,chr4,56596632,56597095
chr2.1553,ENSG00000115875,SRSF7,0.000454713,0.867555505,0.001513247,0.063871513,TRUE,chr2,39369017,39369469
chr2.1554,ENSG00000115875,SRSF7,2.94E-06,0.87774632,0.000622638,0.036425301,FALSE,chr2,39377252,39377637
chr5.2010,ENSG00000145687,SSBP2,1.09E-07,0.677377562,0.000555645,0.036268321,TRUE,chr5,81054644,81054949
chr5.2009,ENSG00000145687,SSBP2,3.47E-07,0.71690744,0.000583231,0.036268321,FALSE,chr5,81050625,81050710
chr19.2899,ENSG00000130511,SSBP4,8.28E-06,0.848966793,0.000677808,0.03776132,TRUE,chr19,18525283,18526738
chr2.3134,ENSG00000115525,ST3GAL5,6.20E-12,0.346809764,0.000287675,0.024154386,TRUE,chr2,86221001,86221514
chr3.5443,ENSG00000073849,ST6GAL1,0.001256018,0.720826418,0.002494493,0.093161257,FALSE,chr3,186589086,186589689
chr7.4218,ENSG00000004866,ST7,0.000298496,0.79329648,0.001308328,0.057742757,FALSE,chr7,116590112,116590437
chr8.1253,ENSG00000147465,STAR,1.87E-05,0.810441793,0.000764505,0.04066405,TRUE,chr8,37948069,37948184
chr17.2493,ENSG00000173757,STAT5B,2.51E-14,0.894887872,0.000216741,0.019982678,FALSE,chr17,39686256,39687108
chr5.4451,ENSG00000113739,STC2,6.95E-11,0.739139744,0.000342845,0.027002632,TRUE,chr5,172229260,172230168
chr7.1154,ENSG00000105889,STEAP1B,3.57E-05,0.814652355,0.000847261,0.044264659,TRUE,chr7,22720183,22720580
chr22.2018,ENSG00000100321,SYNGR1,1.82E-05,0.790012544,0.000760564,0.04066405,TRUE,chr22,39848573,39849121
chr6.5510,ENSG00000078269,SYNJ2,0.000579158,0.613946837,0.001643291,0.067130812,TRUE,chr6,158385140,158385482
chr12.1007,ENSG00000110975,SYT10,1.43E-33,0.345430403,3.94E-06,0.000407239,TRUE,chr12,33740809,33741677
chr12.2240,ENSG00000166863,TAC3,6.73E-07,0.579077208,0.000591112,0.036268321,FALSE,chr12,57384938,57385752
chr19.5489,ENSG00000104946,TBC1D17,0.00093393,0.637523464,0.002076774,0.081104565,TRUE,chr19,50220675,50221210
chrX.1665,ENSG00000180964,TCEAL8,1.98E-06,0.789515319,0.000614757,0.036268321,TRUE,chrX,102488065,102488647
chrX.1666,ENSG00000180964,TCEAL8,0.000224721,0.823509389,0.001217691,0.055913888,FALSE,chrX,102490302,102490881
chr8.1136,ENSG00000133863,TEX15,5.15E-20,0.335151203,7.88E-06,0.000798681,TRUE,chr8,30769348,30770834
chr3.5817,ENSG00000072274,TFRC,1.93E-13,0.734172076,0.000228563,0.02031578,TRUE,chr3,195920658,195921317
chr3.5812,ENSG00000072274,TFRC,7.43E-05,0.852988224,0.00094972,0.047254852,TRUE,chr3,195908690,195909179
chr9.1735,ENSG00000106799,TGFBR1,2.23E-05,0.618275273,0.000772386,0.040944316,TRUE,chr9,101837406,101838124
chr18.117,ENSG00000177426,TGIF1,0.000251524,0.819269756,0.001245276,0.056187035,TRUE,chr18,3340695,3340989
chr2.1678,ENSG00000115970,THADA,6.87E-17,0.979857325,8.67E-05,0.008457399,FALSE,chr2,43216486,43216659
chr1.3986,ENSG00000130775,THEMIS2,1.13E-05,0.44916875,0.000721157,0.039474723,TRUE,chr1,28193624,28194145
chr3.2458,ENSG00000163931,TKT,1.08E-06,0.881263436,0.000606875,0.036268321,TRUE,chr3,53303894,53304770
chr4.3253,ENSG00000198498,TMA16,0.001101745,0.874485715,0.002313218,0.087857457,TRUE,chr4,164414180,164414451
chr17.2672,ENSG00000184988,TMEM106A,0.0009639,0.05423043,0.002120122,0.082386884,FALSE,chr17,40778406,40778755
chr9.4332,ENSG00000244187,TMEM141,0.000319508,0.866586084,0.00132015,0.057742757,FALSE,chr9,139682155,139682454
chr1.10803,ENSG00000163444,TMEM183A,6.62E-06,0.864430006,0.000654164,0.036748854,TRUE,chr1,202974831,202975180
chr1.7352,ENSG00000152078,TMEM56,8.56E-56,0.419441359,3.94E-06,0.000407239,TRUE,chr1,95550752,95551400
chr1.7351,ENSG00000152078,TMEM56,2.81E-23,0.563769081,3.94E-06,0.000407239,TRUE,chr1,95549965,95550685
chr1.7359,ENSG00000152078,TMEM56,6.27E-16,0.661220241,0.000133985,0.012727259,TRUE,chr1,95581136,95581663
chr1.7353,ENSG00000152078,TMEM56,1.80E-12,0.710863517,0.000275852,0.023747055,TRUE,chr1,95552578,95553042
chr1.7358,ENSG00000152078,TMEM56,1.81E-05,0.760548194,0.000760564,0.04066405,TRUE,chr1,95579295,95579524
chr1.7357,ENSG00000152078,TMEM56,0.000240919,0.834902472,0.001233454,0.056106356,TRUE,chr1,95576609,95576885
chr17.1747,ENSG00000006042,TMEM98,1.07E-08,0.776328943,0.000496534,0.034639516,TRUE,chr17,31224219,31224926
chr17.1750,ENSG00000006042,TMEM98,3.54E-08,0.794313366,0.00052806,0.036089223,TRUE,chr17,31239223,31239934
chr15.1149,ENSG00000128872,TMOD2,8.83E-05,0.585676298,0.000973364,0.048024762,TRUE,chr15,51944303,51944883
chr2.3019,ENSG00000034510,TMSB10,5.19E-49,0.616560536,3.94E-06,0.000407239,TRUE,chr2,85147001,85147589
chr2.2992,ENSG00000034510,TMSB10,0.000996012,0.922131109,0.002151648,0.083473994,FALSE,chr2,84196225,84196543
chrX.232,ENSG00000205542,TMSB4X,1.59E-207,0.479745145,3.94E-06,0.000407239,TRUE,chrX,12973885,12974748
chrX.233,ENSG00000205542,TMSB4X,6.02E-148,0.495532461,3.94E-06,0.000407239,TRUE,chrX,12974917,12975383
chrX.229,ENSG00000205542,TMSB4X,1.46E-21,0.763284148,3.94E-06,0.000407239,TRUE,chrX,12964884,12965327
chrX.239,ENSG00000205542,TMSB4X,1.72E-14,0.801611595,0.000216741,0.019982678,TRUE,chrX,12996395,12996687
chrX.231,ENSG00000205542,TMSB4X,4.62E-19,0.81240554,1.18E-05,0.001190325,TRUE,chrX,12968971,12969400
chrX.230,ENSG00000205542,TMSB4X,2.05E-07,0.870950342,0.000567468,0.036268321,FALSE,chrX,12968289,12968701
chrX.234,ENSG00000205542,TMSB4X,6.34E-10,0.882475026,0.000405897,0.030294085,FALSE,chrX,12980349,12980601
chrX.240,ENSG00000205542,TMSB4X,0.000395415,0.910252861,0.001434432,0.061037997,FALSE,chrX,13002820,13003481
chr3.4898,ENSG00000154310,TNIK,2.54E-11,0.617079529,0.000319201,0.025832715,TRUE,chr3,171188474,171188966
chr6.4554,ENSG00000111907,TPD52L1,0.000377396,0.861863803,0.001398965,0.060127369,FALSE,chr6,125628316,125628905
chr22.1058,ENSG00000128294,TPST2,1.63E-10,0.632093738,0.00037043,0.02841375,TRUE,chr22,27028440,27029190
chr3.1267,ENSG00000168016,TRANK1,0.001342902,0.185026273,0.002600893,0.095766631,TRUE,chr3,36996378,36996587
chr2.599,ENSG00000071575,TRIB2,2.74E-05,0.808380741,0.000819675,0.043207551,TRUE,chr2,12845801,12846280
chr7.4907,ENSG00000122779,TRIM24,6.90E-06,0.809029664,0.000654164,0.036748854,TRUE,chr7,138037237,138038200
chr6.1412,ENSG00000204713,TRIM27,1.00E-05,0.820158924,0.000701453,0.038530745,TRUE,chr6,28948408,28949230
chr6.1134,ENSG00000112343,TRIM38,0.000464972,0.65366734,0.001521128,0.063911539,TRUE,chr6,26311287,26311506
chr1.12967,ENSG00000162722,TRIM58,5.63E-10,0.697185648,0.000405897,0.030294085,TRUE,chr1,248018402,248018966
chr19.2258,ENSG00000104907,TRMT1,2.51E-11,0.935071958,0.000319201,0.025832715,FALSE,chr19,13952630,13954138
chr17.878,ENSG00000187688,TRPV2,5.31E-05,0.685113072,0.000882727,0.044919738,TRUE,chr17,16301462,16302525
chr11.4478,ENSG00000182704,TSKU,7.28E-15,0.873683069,0.000193097,0.017943482,FALSE,chr11,76534452,76535682
chr11.4413,ENSG00000182704,TSKU,1.43E-15,0.944074487,0.000153689,0.014540167,FALSE,chr11,75935476,75935683
chr4.2290,ENSG00000168785,TSPAN5,1.07E-17,0.393406896,5.12E-05,0.005071202,TRUE,chr4,99607997,99608423
chr4.2289,ENSG00000168785,TSPAN5,1.04E-12,0.53109124,0.00026403,0.023032825,TRUE,chr4,99603807,99604262
chr22.1657,ENSG00000128311,TST,4.71E-07,0.841333321,0.000587171,0.036268321,FALSE,chr22,37378106,37378705
chr1.8052,ENSG00000116830,TTF2,2.29E-13,0.909885973,0.000228563,0.02031578,FALSE,chr1,117229784,117230655
chr12.1559,ENSG00000167552,TUBA1A,0.000272045,0.705578268,0.001257098,0.056187035,TRUE,chr12,50435293,50436181
chr6.179,ENSG00000137267,TUBB2A,3.13E-06,0.766932732,0.000626579,0.036425301,TRUE,chr6,3162748,3163640
chr6.177,ENSG00000137267,TUBB2A,3.96E-05,0.811057677,0.000859083,0.044437926,TRUE,chr6,3160382,3160976
chr19.1358,ENSG00000104833,TUBB4A,0.000199436,0.253638108,0.001194046,0.055314343,TRUE,chr19,6504721,6505198
chr12.4740,ENSG00000150991,UBC,0.000574493,0.902571543,0.001643291,0.067130812,FALSE,chr12,125405823,125405993
chr5.3240,ENSG00000131508,UBE2D2,0.000319259,0.920863059,0.00132015,0.057742757,TRUE,chr5,139015238,139016073
chr2.7219,ENSG00000184182,UBE2F,5.54E-05,0.838886658,0.000886668,0.045071494,TRUE,chr2,238873520,238874183
chr2.7218,ENSG00000184182,UBE2F,0.000253458,0.872976919,0.001245276,0.056187035,FALSE,chr2,238872790,238873193
chr19.6204,ENSG00000108106,UBE2S,0.000208829,0.925554994,0.001205869,0.055533731,FALSE,chr19,55883527,55884524
chr10.454,ENSG00000148429,USP6NL,8.16E-05,0.730311315,0.000969424,0.047981373,TRUE,chr10,11752629,11753088
chrX.881,ENSG00000126756,UXT,2.26E-09,0.846340799,0.000453186,0.032732413,TRUE,chrX,47521550,47521993
chr10.2661,ENSG00000035403,VCL,3.46E-07,0.748642388,0.000583231,0.036268321,TRUE,chr10,75751541,75751971
chr10.2662,ENSG00000035403,VCL,0.000128315,0.749700327,0.001067942,0.05129178,TRUE,chr10,75752988,75753271
chr3.4666,ENSG00000197415,VEPH1,1.86E-11,0.088167543,0.00031526,0.025646217,TRUE,chr3,157252542,157252979
chr7.3530,ENSG00000128564,VGF,6.98E-05,0.75518887,0.000941839,0.046962086,TRUE,chr7,100130956,100131300
chr20.196,ENSG00000215305,VPS16,8.24E-08,0.840116634,0.000555645,0.036268321,TRUE,chr20,2801940,2802321
chr1.8432,ENSG00000136631,VPS45,0.001209931,0.75199798,0.002462967,0.092572902,TRUE,chr1,150159068,150159355
chr19.128,ENSG00000065268,WDR18,0.000517562,0.827768165,0.001576299,0.065407449,FALSE,chr19,791198,792268
chr7.1421,ENSG00000122574,WIPF3,1.36E-20,0.464109695,3.94E-06,0.000407239,TRUE,chr7,29833137,29833549
chr12.51,ENSG00000060237,WNK1,0.000432347,0.861097136,0.001485662,0.063046758,TRUE,chr12,825661,826080
chr6.239,ENSG00000124535,WRNIP1,0.001325937,0.817834973,0.002581189,0.095489786,TRUE,chr6,3473278,3473758
chr3.770,ENSG00000154767,XPC,0.00060098,0.836957798,0.001659054,0.067423285,TRUE,chr3,14273847,14274711
chr1.10130,ENSG00000143324,XPR1,7.68E-11,0.604816658,0.000342845,0.027002632,TRUE,chr1,180579548,180580034
chr16.2261,ENSG00000090238,YPEL3,0.001279633,0.847376039,0.002518137,0.093599063,TRUE,chr16,29711719,29712321
chr2.4107,ENSG00000144161,ZC3H8,0.000113212,0.869606577,0.001032476,0.050048461,FALSE,chr2,113014352,113014603
chr3.5812,ENSG00000163958,ZDHHC19,3.26E-07,0.609926873,0.000583231,0.036268321,FALSE,chr3,195908690,195909179
chr2.4993,ENSG00000169554,ZEB2,2.62E-05,0.809893063,0.000815735,0.043048083,TRUE,chr2,145340154,145340817
chr2.1717,ENSG00000152518,ZFP36L2,1.15E-11,0.782489115,0.000311319,0.025646217,FALSE,chr2,43405764,43406620
chr2.1723,ENSG00000152518,ZFP36L2,3.88E-07,0.809806649,0.000587171,0.036268321,FALSE,chr2,43417594,43418192
chr6.1416,ENSG00000198315,ZKSCAN8,1.64E-08,0.821169465,0.000512297,0.035319956,TRUE,chr6,28960378,28960689
chr6.1279,ENSG00000198315,ZKSCAN8,1.28E-09,0.86241313,0.000433482,0.031797709,TRUE,chr6,27636220,27636738
chr6.1284,ENSG00000198315,ZKSCAN8,7.06E-10,0.91700163,0.000409838,0.030491405,FALSE,chr6,27655053,27656441
chr20.2033,ENSG00000101040,ZMYND8,6.31E-05,0.820715319,0.000918194,0.04627383,TRUE,chr20,45989266,45989921
chr20.2032,ENSG00000101040,ZMYND8,0.000110333,0.862378032,0.001032476,0.050048461,FALSE,chr20,45987550,45987763
chr19.1735,ENSG00000197961,ZNF121,2.77E-17,0.845538532,6.31E-05,0.006189359,TRUE,chr19,10138195,10138852
chr6.1371,ENSG00000197279,ZNF165,0.000778044,0.477132536,0.001867914,0.074242873,TRUE,chr6,28687440,28687708
chr7.2319,ENSG00000198039,ZNF273,0.000419112,0.871801028,0.001469899,0.062490626,TRUE,chr7,64309754,64310337
chr19.3196,ENSG00000196705,ZNF431,1.01E-05,0.653772649,0.000701453,0.038530745,TRUE,chr19,21311621,21311952
chr4.979,ENSG00000178163,ZNF518B,0.001354211,0.824850813,0.002616656,0.096271646,TRUE,chr4,10241586,10242435
chr19.6329,ENSG00000018869,ZNF582,0.000129999,0.040692572,0.001071883,0.051376092,TRUE,chr19,56698270,56698868
chr1.12989,ENSG00000171161,ZNF672,1.03E-10,0.73400721,0.000354667,0.027701749,TRUE,chr1,249183618,249184074
chr1.12988,ENSG00000171161,ZNF672,3.03E-05,0.860402557,0.000831498,0.043635064,TRUE,chr1,249179183,249179395
chr19.1989,ENSG00000196757,ZNF700,0.001245048,0.435573762,0.002494493,0.093161257,TRUE,chr19,11804820,11804964